The motivation behind is that structured syntactic information plays a critical role in negation scope finding and should be paid much more attention, as indicated by previous studies in shallow semantic parsing (CITATION; CITATION),,1
It shows that even our baseline system with four basic features as presented in Table 1 performs better than CITATION and Morante and Daelemans(2009),,1
This paper explores negation scope finding from a parse tree perspective and formulates it as a shallow semantic parsing problem, which has been extensively studied in the past few years CITATION,,0
1 http://www.inf.u-szeged.hu/rgai/bioscope For preprocessing, all the sentences in the Bioscope corpus are tokenized and then parsed using the Berkeley parser2 CITATION trained on the GENIA TreeBank (GTB) 1.0 CITATION3 , which is a bracketed corpus in (almost) PTB style,,0
5.1 Experimental Settings Following the experimental setting in CITATION, the abstracts subcorpus is randomly divided into 10 folds so as to perform 10-fold cross validation, while the performance on both the papers and clinical reports subcorpora is evaluated using the system trained on the whole abstracts subcorpus,,0
As a representative, Goldin and Chapman CITATION adopted both Naive Bayes and decision trees to distinguish whether an observation is negated by the negation signal not in hospital reports,,0
with the accuracy of 95.8%-98.7% on the three subcorpora of the Bioscope corpus CITATION,,0
Most of the initial research on SoN learning focused on negated terms finding, using either some heuristic rules (e.g., regular expression), or machine learning methods (CITATION; CITATION; CITATION),,0
In addition to the IE tasks in the biomedical domain, SoN learning has attracted more and more attention in some natural language processing (NLP) tasks, such as sentiment classification CITATION,,0
CITATION further i,,0
Similar to the heuristic algorithm as proposed in CITATION for argument pruning in common shallow semantic parsing, the argument pruning algorithm adopted here starts from designating the negation signal as the current node and collects its siblings,,0
For example, given golden negation signals on the Bioscope corpus, CITATION only got the performance of 50.26% in PCS (percentage of correct scope) measure on the full papers subcorpus (22.8 words per sentence on average), compared to 87.27% in PCS measure on the clinical reports subcorpus (6.6 words per sentence on average),,0
2 Related Work While there is a certain amount of literature within the NLP community on negated terms finding (CITATION; CITATION; CITATION), there are only a few studies on negation scope finding (CITATION; CITATION),,0
As a representative, CITATION divided speculation 672 \x0clearning into two subtasks: speculation signal finding and speculation scope finding,,0
tasks, such as sentiment classification CITATION,,0
The Bioscope corpus consists of three subcorpora: the full papers and the abstracts from the GENIA corpus CITATION, and clinical (radiology) reports,,0
For example, CITATION pointed out that the extracted information within the scopes of negation signals should either be discarded or presented separately from factual information,,0
CITATION further improved the performance by combing several classifiers,,0
These features are also widely used in common shallow semantic parsing for both verbal and nominal predicates (CITATION; CITATION),,0
resentative, Goldin and Chapman CITATION adopted both Naive Bayes and decision trees to distinguish whether an observation is negated by the negation signal not in hospital reports,,0
Therefore, we adopt the greedy feature selection algorithm as described in CITATION to pick up positive features incrementally according to their contributions on the development data,,0
CITATION reported that 13.45% of the sentences in the abstracts subcorpus of the BioScope corpus and 12.70% of the sentences in the full papers subcorpus of the Bioscope corpus contain negative assertions,,0
However, the performance decrease shows that negation scope finding is not as sensitive to automatic syntactic parsing as common shallow semantic parsing, whose performance might decrease by about ~10 in F1-measure CITATION,,0
For example, given golden negation signals on the Bioscope corpus, CITATION only got the performance of 50.26% in PCS (percentage of correct scope) measure on the full papers subcorpus (22.8 words per sentence on average), compared to 87.27% in,,0
3 Negation in the BioScope Corpus This paper employs the BioScope corpus (CITATION; CITATION)1 , a freely downloadable negation resource from the biomedical domain, as the benchmark corpus,,0
uage processing (NLP) tasks, such as sentiment classification CITATION,,0
Negation scope finding has been largely ignored until the recent release of 671 \x0cthe BioScope corpus (CITATION; CITATION),,0
For example, given golden negation signals on the Bioscope corpus, CITATION only got the performance of 50.26% in PCS (percentage of correct scope) measure on the full papers subcorpus (22,,0
For detailed statistics about the three subcorpora, please see CITATION,,0
For example, given golden negation signals on the Bioscope corpus, CITATION only got the performance of 50.26% in PCS (percentage of correct scope) measure on the full papers subcorpus (22.8 words per sentence o,,0
pe corpus consists of three subcorpora: the full papers and the abstracts from the GENIA corpus CITATION, and clinical (radiology) reports,,0
n in some natural language processing (NLP) tasks, such as sentiment classification CITATION,,0
CITATION and CITATION pioneered the research on negation scope finding by formulating it as a chunking problem, which classifies the words of a sentence as being inside or outside the scope of a negation signal,,0
Negation scope finding CITATION pioneered the research on negation scope finding, largely due to the availability of a large-scale annotated corpus, the Bioscope corpus,,0
